Name,Term,ES,NES,NOM p-val,FDR q-val,FWER p-val,Tag %,Gene %,Lead_genes
prerank,E2F Targets,0.6870937217394941,2.7753598938209962,0.0,0.0,0.0,106/199,12.45%,CDKN3;UBE2T;KIF4A;BIRC5;CCNB2;CDC20;MELK;SPC24;MXD3;KIF2C;TOP2A;KIF18B;PTTG1;MYBL2;CDK1;DLGAP5;CDCA3;CDCA8;PLK1;HMMR;AURKB;TRIP13;MKI67;DEPDC1;RACGAP1;CDKN2A;RRM2;EZH2;SPC25;CENPM;CENPE;AURKA;BUB1B;E2F8;TCF19;ASF1B;DIAPH3;ORC6;GINS1;DSCC1;STMN1;CCNE1;CDKN2C;TK1;MAD2L1;CHEK1;HELLS;MSH2;MCM6;PRIM2;PLK4;RAD51AP1;TACC3;ILF3;MCM3;DDX39A;UBE2S;MCM4;KPNA2;POLD1;ATAD2;LIG1;MCM7;CKS1B;MCM5;CDC25A;NCAPD2;MCM2;KIF22;GINS3;HMGA1;TUBG1;HMGB2;PSMC3IP;POLA2;H2AX;H2AZ1;PCNA;DNMT1;SNRPB;DONSON;CKS2;SPAG5;GINS4;JPT1;BRCA2;SUV39H1;RFC3;BARD1;MMS22L;NME1;RAD1;NUP107;EED;CSE1L;DCLRE1B;XPO1;NOP56;LMNB1;SLBP;RBBP7;TIPIN;TIMELESS;DUT;CDC25B;PRKDC
prerank,G2-M Checkpoint,0.6539788793079088,2.660498285021628,0.0,0.0,0.0,82/199,7.88%,CDKN3;CENPF;TROAP;KIF4A;BIRC5;NEK2;CCNB2;CDC20;KIF2C;TOP2A;UBE2C;PTTG1;NDC80;EXO1;MYBL2;CDK1;BUB1;CENPA;E2F1;TTK;PLK1;HMMR;AURKB;MKI67;RACGAP1;EZH2;CDC6;CENPE;AURKA;TRAIP;PBK;KIF23;CDC45;CCNA2;KIF15;UCK2;CCNF;E2F2;ORC6;POLQ;STIL;STMN1;CDKN2C;RAD54L;MAD2L1;KIF11;CHEK1;MCM6;PRIM2;PLK4;TACC3;CHAF1A;ILF3;MCM3;CDC7;DDX39A;UBE2S;TPX2;KPNA2;DTYMK;CKS1B;MCM5;CDC25A;MCM2;KIF22;GINS2;HMGA1;NSD2;POLA2;H2AX;H2AZ1;INCENP;CBX1;EGF;RBL1;CKS2;PRC1;JPT1;BRCA2;SUV39H1;BARD1;SQLE
prerank,Mitotic Spindle,0.4504364845662011,1.8436210857223283,0.0,0.00015368709307849221,0.001,53/198,13.71%,CENPF;KIF4A;BIRC5;NEK2;CCNB2;KIF2C;TOP2A;NDC80;CDK1;BUB1;DLGAP5;TTK;ANLN;PLK1;RACGAP1;CENPE;AURKA;KIF23;KIF15;CEP131;PIF1;ECT2;KIF11;CEP250;KNTC1;TPX2;ARHGEF11;KIF22;CENPJ;MARK4;TAOK2;SAC3D1;CEP72;INCENP;SPTAN1;TSC1;PRC1;PLEKHG2;BRCA2;SASS6;LLGL1;LMNB1;CSNK1D;WASF2;KIF20B;MYO9B;RHOF;CYTH2;CTTN;KATNB1;CDK5RAP2;ARHGEF2;SMC4
prerank,Spermatogenesis,0.4742396859087964,1.8084632713918418,0.0,0.00023053063961773828,0.002,33/102,18.13%,CDKN3;NEK2;CCNB2;KIF2C;CDK1;BUB1;TTK;EZH2;AURKA;NCAPH;RFC4;IP6K1;SLC2A5;MAST2;GAD1;PGS1;CLVS1;TUBA3C;PARP2;DBF4;DMC1;TOPBP1;NF2;OAZ3;CNIH2;NAA11;PCSK1N;ACE;RPL39L;ELOVL3;DCC;ACRV1;YBX2
prerank,Myc Targets V1,0.38864111047078764,1.560472294059313,0.0,0.013278564841981725,0.135,98/200,34.98%,CDC20;CDC45;CCNA2;RFC4;MAD2L1;MCM6;CAD;ILF2;CCT3;MCM4;KPNA2;MCM7;MCM5;MCM2;HSP90AB1;H2AZ1;PCNA;EPRS1;TYMS;CSTF2;NHP2;RPS10;NME1;PPM1G;MRPL9;CBX3;LSM2;XPO1;RRP9;PPIA;NOP56;PSMC4;BUB3;DUT;COPS5;TRIM28;PABPC1;HNRNPA1;IMPDH2;CCT5;NPM1;SNRPD2;SNRPA;VBP1;RRM1;SNRPD1;IARS1;PSMD14;SRPK1;PTGES3;SNRPA1;SRM;HNRNPU;FBL;EIF3B;RAN;PSMA6;CDK4;KPNB1;CCT4;NCBP2;EIF3D;PA2G4;SMARCC1;CCT2;RPS5;XPOT;NAP1L1;CYC1;HNRNPA3;RUVBL2;APEX1;TXNL4A;CANX;LSM7;PSMA1;PRPF31;XRCC6;PHB;IFRD1;RPLP0;PWP1;SSB;PSMD3;USP1;RNPS1;HNRNPR;EIF2S2;SSBP1;RPL14;RPS3;SNRPB2;CCT7;HNRNPC;RPL6;RPS2;PSMD1;HNRNPA2B1
prerank,Wnt-beta Catenin Signaling,0.45048482568093434,1.5202258141464262,0.0265282583621684,0.01752032861094811,0.207,17/41,24.05%,KAT2A;HDAC11;DKK1;LEF1;JAG2;DVL2;NKD1;HEY1;DKK4;CSNK1E;AXIN2;NCOR2;HDAC5;WNT6;MAML1;PSEN2;NCSTN
prerank,Myc Targets V2,0.40292877754472745,1.4364703028600379,0.030803080308030802,0.03859741566171275,0.437,28/58,31.95%,PLK1;PLK4;MCM4;TCOF1;MCM5;PRMT3;CBX3;RRP9;NOP56;NPM1;SRM;SLC29A2;PUS1;CDK4;DCTPP1;EXOSC5;LAS1L;RRP12;PA2G4;HK2;BYSL;IPO4;PHB;NOP2;PES1;TBRG4;UTP20;MRTO4
prerank,DNA Repair,0.3346075945380307,1.3281778267071824,0.030991735537190084,0.11612980970743567,0.852,62/147,32.30%,ZWINT;RFC4;RAD51;FEN1;NELFE;POLD1;LIG1;ZNF707;ADCY6;POLA2;SAC3D1;PCNA;UPF3B;CCNO;POLR2K;TYMS;CANT1;RFC3;NME1;PRIM1;POLR2G;POLA1;TAF6;DUT;TAF10;BCAP31;IMPDH2;VPS28;RAE1;ADA;POLR3C;ALYREF;AAAS;TAF9;ITPA;CETN2;NCBP2;RFC5;SUPT5H;NELFB;POLD3;BCAM;NME3;ERCC2;ERCC3;RALA;NELFCD;NT5C;GTF3C5;RFC2;SEC61A1;POLR2H;POLR1C;SSRP1;GUK1;RAD52;POLL;DAD1;DDB1;NT5C3A;MPC2;POLH
prerank,Apical Junction,0.3242135281257802,1.3135059530884083,0.024365482233502538,0.1225910712456106,0.899,49/191,19.70%,CD34;MDK;THY1;COL9A1;WNK4;ADAM15;ACTN2;TUBG1;SLC30A3;TAOK2;PPP2R2C;TSC1;CDH8;FLNC;PLCG1;ACTG2;ITGA2;NECTIN1;LAMA3;CLDN15;MAPK11;MPZL1;VWF;ALOX15B;ADAM23;THBS3;NF2;SHC1;MAP4K2;HRAS;AMH;RHOF;PTK2;INPPL1;CTNNA1;ICAM5;STX4;CLDN19;CLDN18;KCNH2;ITGB4;VCAN;PBX2;SRC;MMP9;CDH11;TMEM8B;PIK3R3;MAPK13
prerank,Glycolysis,0.2727256546127546,1.1136239864683521,0.2383838383838384,0.5888674658395506,1.0,58/193,25.38%,GPC3;KIF20A;CDK1;CENPA;HMMR;DEPDC1;AURKA;STMN1;G6PD;ANKZF1;PYGB;EFNA3;MIOX;P4HA2;IDUA;PKM;STC2;B4GALT7;KIF2A;RBCK1;GAL3ST1;PPIA;PSMC4;ARTN;MED24;PPFIA4;ALDOA;CHST6;COG2;CLN6;SPAG4;HS6ST2;XYLT2;SLC16A3;ABCB6;GNPDA1;BIK;CHST1;VCAN;RRAGD;AGRN;B3GNT3;PFKP;HAX1;NOL3;DPYSL4;RARS1;NASP;STC1;TXN;B3GAT3;SAP30;KDELR3;HK2;POLR3K;VLDLR;EGLN3;SOX9
prerank,mTORC1 Signaling,0.2572475656685192,1.0493653945811532,0.37550607287449395,0.7804929164221645,1.0,37/200,12.70%,BUB1;PLK1;RRM2;AURKA;CCNF;SLC7A11;DDX39A;G6PD;MCM4;CCT6A;CDC25A;MCM2;ACLY;STIP1;CACYBP;TUBG1;PSPH;YKT6;EPRS1;GLA;NUPR1;SQLE;ABCF2;TXNRD1;SERPINH1;RRP9;PPIA;BCAT1;PSMC4;TOMM40;ALDOA;FKBP2;PSME3;RIT1;HSPA4;COPS5;GMPS
prerank,Angiogenesis,0.31255484267879746,1.0474068557687897,0.42080378250591016,0.7229440858412274,1.0,15/35,37.14%,SPP1;PDGFA;LPL;JAG2;MSX1;PTK2;VCAN;STC1;SLCO2A1;COL5A2;POSTN;ITGAV;JAG1;CCND2;OLR1
prerank,Epithelial Mesenchymal Transition,0.2521546939824403,1.0256472547415136,0.45334685598377283,0.7466710085957298,1.0,49/198,20.98%,THY1;CTHRC1;CAP2;SPOCK1;DKK1;EDIL3;LOXL2;SPP1;COL4A1;MCM7;MATN3;COL7A1;LAMC1;PLOD3;COL4A2;SLC6A8;SFRP4;TPM2;MSX1;PRRX1;SCG2;NTM;APLP1;ITGA2;LAMA3;COMP;FAP;SERPINH1;PDGFRB;MMP14;LOX;COL1A1;P3H1;COL11A1;SPARC;MMP1;COLGALT1;PTHLH;VCAN;CAPG;PPIB;ADAM12;CDH11;CRLF1;COL1A2;FOXC2;COL5A3;FBLN1;COPA
prerank,UV Response Up,0.24764021189032048,0.9880813768496556,0.5163934426229508,0.8131803647773135,1.0,39/155,18.00%,CCNE1;RFC4;FEN1;COL2A1;MAPK8IP2;CTSV;POLG2;PRPF3;STIP1;SLC6A8;H2AX;MSX1;YKT6;ATP6V1C1;AGO2;CHKA;PARP2;BSG;SHOX2;CDKN2B;ALDOA;E2F5;BAK1;CLCN2;MMP14;STK25;TYRO3;CHRNA5;CYB5R1;ATP6V1F;WIZ;TFRC;KCNH2;HNRNPU;SQSTM1;GLS;FMO1;RXRB;NXF1
prerank,KRAS Signaling Dn,0.24452116255494658,0.9668161665376938,0.5705458290422245,0.8261910749713585,1.0,45/145,28.76%,COL2A1;RIBC2;MSH5;GPR19;ADRA2C;TLX1;SLC30A3;IDUA;AKR1B10;DLK2;EGF;HTR1D;SMPX;BARD1;NRIP2;SHOX2;NR6A1;KCNN1;MAST3;CAPN9;PLAG1;MFSD6;ITGB1BP2;TAS2R4;GP2;DCC;NPHS1;YBX2;KLHDC8A;SLC6A14;CACNG1;PTGFR;CDH16;RYR2;DTNB;GTF3C5;COQ8A;VPS50;FGF22;MTHFR;PDCD1;CDKAL1;CALCB;PNMT;LYPD3
prerank,Myogenesis,0.23590520183951016,0.957165761457233,0.6034658511722731,0.8018143809204459,1.0,49/180,24.03%,COL15A1;NQO1;PTP4A3;CDH13;ACTN2;COL4A2;SLC6A8;TPM2;MAPK12;SPTAN1;ATP6AP1;PDLIM7;DAPK2;MYH4;TNNC1;GJA5;TPM3;STC2;DTNA;ATP2A1;TNNT1;PPFIA4;SH2B1;RIT1;CKB;COL1A1;SPHK1;MYL6B;TCAP;SPARC;TNNI2;KCNH2;ERBB3;ITGB4;MEF2D;HDAC5;ADAM12;MRAS;DMPK;CACNG1;AGRN;FDPS;TSC2;BDKRB2;MYH1;CASQ2;ACTA1;SYNGR2;PSEN2
prerank,Pancreas Beta Cells,0.29363279921278457,0.92198274628788,0.5866188769414575,0.8452880523489469,1.0,14/28,37.78%,CHGA;PAX6;SCGN;DCX;ABCC8;SRP14;PAK3;SRP9;SRPRB;PCSK1;VDR;STXBP1;GCK;PDX1
prerank,Unfolded Protein Response,0.22263692897887893,0.8613785637045361,0.7445255474452555,0.9335722469053007,1.0,42/113,34.81%,CKS1B;H2AX;NHP2;FUS;LSM4;WFS1;STC2;ARFGAP1;TATDN2;RRP9;GOSR2;NOP56;SHC1;NPM1;IARS1;EXOSC9;DKC1;NFYA;CNOT6;EXOSC4;BANF1;EXOSC5;SSR1;YWHAZ;XPOT;POP4;ZBTB17;SLC1A4;CXXC1;KDELR3;EXOSC1;EIF4A3;PREB;ASNS;HSPA5;FKBP14;SRPRB;DDX10;KHSRP;HYOU1;CALR;EXOSC2
prerank,Hedgehog Signaling,0.2422843802160016,0.7968762357905772,0.7866666666666666,0.9943878473953347,1.0,5/35,8.65%,THY1;SCG2;NRCAM;HEY1;CDK5R1
prerank,p53 Pathway,0.18810274580469508,0.7640221818010919,0.916241062308478,0.9854723782379077,1.0,34/194,17.51%,CDKN2A;SLC7A11;SFN;ABCC5;IRAK1;CDH13;PVT1;PDGFA;JAG2;RAD9A;PCNA;NUPR1;ALOX15B;CDK5R1;CDKN2B;BAX;S100A10;PIDD1;RHBDF2;H2AW;FGF13;HRAS;BAK1;IP6K2;ABHD4;RAD51C;SPHK1;PTPN14;TPRKB;ADA;H1-2;ITGB4;WRAP73;KRT17
prerank,PI3K/AKT/mTOR  Signaling,0.18201298854377893,0.6981857657876684,0.9285714285714286,0.995650854859506,1.0,28/102,27.76%,CDK1;E2F1;SFN;TRAF2;PLCG1;PLCB1;RPTOR;HRAS;RIT1;PRKAA2;ACACA;FGF17;THEM4;GNGT1;SQSTM1;CDK4;PIK3R3;PITX2;DDIT3;CFL1;TSC2;SMAD2;CSNK2B;ARF1;PRKAG1;FGF22;ARPC3;SLC2A1
prerank,Notch Signaling,0.18307191323187716,0.5839375796446414,0.9651567944250871,0.9927697208483528,1.0,14/32,41.10%,KAT2A;NOTCH3;PRKCA;SAP30;PSEN2;APH1A;HEYL;DTX2;JAG1;LFNG;RBX1;SKP1;PSENEN;PPARD
prerank,Apical Surface,-0.1832490941246915,-0.8498052199238403,0.7540983606557377,0.8161120840630472,0.9334836527621195,9/42,10.87%,CD160;B4GALT1;SRPX;CRYBG1;ADIPOR2;GATA3;IL2RB;DCBLD2;GAS1
prerank,Protein Secretion,-0.17401776728023222,-0.952038318899433,0.625,0.6011545696309268,0.8015783540022547,18/94,12.09%,RAB14;LMAN1;ABCA1;ARCN1;AP1G1;SEC24D;VPS4B;STX12;RAB5A;DOP1A;SEC22B;USO1;SOD1;MON2;TMED10;BNIP3;EGFR;GALC
prerank,Reactive Oxygen Species Pathway,-0.25404802640239316,-1.1933507689450384,0.125,0.13720867573757242,0.2807215332581736,17/48,19.10%,JUNB;CAT;MSRA;PRNP;MGST1;IPCEF1;SOD1;GCLC;GLRX;MPO;SCAF4;PRDX4;SOD2;OXSR1;HMOX2;TXNRD2;MBP
prerank,Estrogen Response Late,-0.22721492097579368,-1.309838977289127,0.0,0.060315236427320486,0.12401352874859076,44/194,12.02%,ZFP36;FOS;CXCL12;ID2;IL6ST;EGR3;NPY1R;CXCL14;ASS1;PRKAR2B;NAB2;IGFBP4;TFPI2;CISH;XBP1;ABHD2;PPIF;RABEP1;SERPINA1;PAPSS2;ACOX2;CA2;SLC27A2;RET;SGK1;SORD;HMGCS2;DNAJC12;AFF1;PLAAT3;NRIP1;KLF4;TPD52L1;IDH2;JAK1;TIAM1;TH;DCXR;FAM102A;DUSP2;SERPINA5;GJB3;KLK10;SERPINA3
prerank,KRAS Signaling Up,-0.2966395656428169,-1.6750292869224064,0.0,0.004597197898423818,0.010146561443066516,65/191,17.16%,TRIB1;SPRY2;DUSP6;ID2;IGFBP3;IRF8;CBR4;PTGS2;USP12;IL1B;PPBP;IL33;EVI5;PPP1R15A;ANXA10;CA2;TSPAN7;HBEGF;ST6GAL1;GADD45G;SATB1;NR1H4;MAP7;KLF4;RBP4;G0S2;DNMBP;CCSER2;TNFRSF1B;ETS1;NR0B2;PDCD1LG2;IL10RA;CDADC1;INHBA;ENG;NGF;FUCA1;DCBLD2;ARG1;ANO1;GLRX;PLEK2;AKT2;SERPINA3;EPB41L3;EMP1;HDAC9;IKZF1;DOCK2;C3AR1;CMKLR1;TMEM176B;TLR8;STRN;CAB39L;MTMR10;CFH;GUCY1A1;YRDC;IL7R;ANGPTL4;PLAUR;HSD11B1;ALDH1A3
prerank,Apoptosis,-0.2887277077974842,-1.6895336550459026,0.0,0.004264067615929339,0.009019165727170236,56/158,18.64%,MCL1;GADD45B;JUN;ATF3;RHOB;EGR3;WEE1;GCH1;FEZ1;IL1B;DCN;CD14;CASP7;HGF;HMOX1;DPYD;AVPR1A;TGFBR3;GADD45A;CD69;CLU;SC5D;SATB1;IL6;BGN;RETSAT;CFLAR;F2;SAT1;SLC20A1;BNIP3L;MGMT;CYLD;PLCB2;SOD1;SMAD7;BCL10;PPP3R1;TXNIP;CDKN1A;EMP1;FAS;DNAJA1;PRF1;SOD2;CASP4;TNF;IRF1;CASP6;CASP1;CTH;TNFSF10;CDKN1B;ROCK1;CCND1;TIMP3
prerank,Estrogen Response Early,-0.2801315458551783,-1.7048815748625765,0.0,0.003900652762298997,0.007891770011273957,58/199,16.34%,FOS;CXCL12;IL6ST;CBFA2T3;KLF10;DLC1;EGR3;BHLHE40;AQP3;NPY1R;ABAT;TIPARP;SLC7A2;B4GALT1;RETREG1;KAZN;IGFBP4;HES1;CISH;XBP1;ABHD2;OLFML3;PPIF;PAPSS2;SLC27A2;RET;FHL2;AFF1;MYC;PLAAT3;NRIP1;SLC1A1;KLF4;ELF1;TPD52L1;ESRP2;AR;TIAM1;FAM102A;ASB13;PEX11A;RAB17;KLK10;DHRS3;AMFR;LRIG1;SLC16A1;TSKU;SYBU;NAV2;OLFM1;TGM2;FCMR;CCN5;ADCY1;INHBB;GFRA1;JAK2
prerank,Cholesterol Homeostasis,-0.3354487439768814,-1.7134651829829404,0.0,0.0035026269702276708,0.006764374295377677,18/74,9.95%,PNRC1;LDLR;NFIL3;ANTXR2;ATF3;ERRFI1;ADH4;AVPR1A;CLU;SC5D;PLSCR1;ACAT2;LGMN;CPEB2;ECH1;ETHE1;ATF5;GLDC
prerank,heme Metabolism,-0.2869476796110954,-1.7204348262353268,0.0,0.0036777583187390544,0.006764374295377677,51/186,13.37%,MAP2K3;CAT;USP15;ALDH6A1;AQP3;KDM7A;RCL1;KLF3;HEBP1;ARHGEF12;HBB;CCDC28A;DCAF11;LPIN2;NCOA4;MXI1;CA2;CPOX;C3;SLC30A1;ALAS2;CTSB;BMP2K;TENT5C;PICALM;FECH;FTCD;PC;NR3C1;NNT;SLC25A37;BACH1;KAT2B;ELL2;ALAD;BNIP3L;SLC66A2;FBXO34;HAGH;DCUN1D1;CAST;GCLC;TRIM58;MINPP1;ERMAP;SLC4A1;RIOK3;DCAF10;TAL1;FBXO7;ISCA1
prerank,Pperoxisome,-0.3498205188221492,-1.8085806216915508,0.0,0.0019356622730205548,0.0033821871476888386,42/101,17.63%,PEX13;CNBP;ACAA1;MLYCD;CAT;ACSL1;HMGCL;ALB;ABCD3;ISOC1;EPHX2;SCP2;ALDH9A1;LONP2;ACOX1;HAO2;EHHADH;CRAT;SLC27A2;TTR;VPS4B;RETSAT;PEX14;NR1I2;IDH2;CLN8;ECH1;SOD1;PEX11A;BCL10;IDH1;DHRS3;SIAH1;SERPINA6;CTPS1;SOD2;HSD17B11;HSD17B4;ACSL5;RDH11;ABCB4;SLC25A4
prerank,Allograft Rejection,-0.30234530794932957,-1.8706040230080292,0.0,0.0013621327106440942,0.002254791431792559,59/190,17.53%,CFP;CD4;IRF8;CCR1;IL1B;STAB1;ACVR2A;CD1D;IL4R;TLR3;MBL2;SRGN;CCL4;GPR65;IL10;KLRD1;BCL3;AKT1;CCL2;IL6;IL2RB;PRKCB;FCGR2B;F2;LCP2;NLRP3;FGR;ETS1;HCLS1;IL18RAP;INHBA;ABCE1;BCL10;TLR2;NCR1;EGFR;EIF5A;FAS;PTPRC;CD86;HDAC9;PRF1;TLR1;IL16;LY86;CSK;FYB1;SPI1;TNF;ICAM1;PF4;IGSF6;INHBB;JAK2;CD247;ITK;IL7;B2M;IRF4
prerank,IL-2/STAT5 Signaling,-0.35867757529462524,-2.0933087485272983,0.0,0.0,0.0,56/194,10.45%,ECM1;PTH1R;PHLDA1;SOCS2;IL1RL1;GADD45B;NFIL3;IRF8;RHOB;KLF6;PLIN2;SNX9;BHLHE40;PIM1;IL18R1;GPR83;PNP;FAH;TTC39B;CD81;MAFF;FGL2;CISH;IL4R;XBP1;FAM126B;ENPP1;BMPR2;ETFBKMT;GPR65;CA2;GABARAPL1;IL10;CD83;ENO3;PRNP;SELP;MYC;PLSCR1;RORA;IL2RB;PTGER2;SLC39A8;SH3BGRL2;TNFRSF1B;SPRED2;AHR;NFKBIZ;SMPDL3A;TIAM1;IL10RA;SLC2A3;SELL;CTSZ;NT5E;SNX14
prerank,Hypoxia,-0.3510788675705658,-2.125652250166484,0.0,0.0,0.0,79/194,18.11%,ZFP36;FOS;PNRC1;CCN1;PGM1;JUN;NFIL3;IGFBP3;SDC4;ATF3;KLF6;PLIN2;DUSP1;BHLHE40;SERPINE1;PIM1;NOCT;FBP1;MT2A;PLAC8;TIPARP;UGP2;GRHPR;CITED2;ERRFI1;DCN;PCK1;CP;MAFF;ADM;MT1E;SRPX;LDHA;PPP1R15A;HMOX1;MXI1;ALDOB;ENO3;IL6;RORA;BGN;NR3C1;SDC3;SLC37A4;IGFBP1;ETS1;BNIP3L;GBE1;SLC2A3;TMEM45A;PPARGC1A;AK4;CDKN1A;GLRX;EGFR;TPST2;BTG1;F3;KLHL24;GCNT2;CCN2;IRS2;STBD1;FOXO3;PPP1R3C;PFKFB3;TGM2;CASP6;CCN5;P4HA1;ANGPTL4;HDLBP;PLAUR;IDS;CDKN1B;EDN2;FAM162A;KLF7;PDK3
prerank,Oxidative Phosphorylation,-0.36420097630967574,-2.220423219881182,0.0,0.0,0.0,59/199,14.83%,ETFDH;MPC1;ACADSB;ACAA1;FXN;ACAA2;ACAT1;ALDH6A1;BDH2;ECHS1;ACADM;SDHD;SDHB;SLC25A20;PRDX3;NDUFS1;GRPEL1;GOT2;CASP7;ALAS1;LDHA;HADHB;MAOB;GLUD1;PMPCA;MFN2;CYB5A;ETFA;PHYH;UQCRC2;FDX1;HADHA;RETSAT;SUCLA2;NNT;ACADVL;IDH2;ECH1;PDK4;MRPL34;DECR1;PDHX;HSD17B10;MTRR;OPA1;DLST;IDH1;ABCB7;ATP5F1A;COX15;NDUFA5;MRPS22;POR;ISCA1;PHB2;SURF1;DLD;ATP5PF;CPT1A
prerank,Complement,-0.3773207692228366,-2.229768954857185,0.0,0.0,0.0,78/194,18.88%,ADRA2B;DUSP6;S100A12;C1R;USP15;SERPINE1;PIM1;C1S;KLKB1;PPP2CB;CALM1;F8;CTSL;SERPING1;PLG;DUSP5;CR1;CP;MAFF;CASP7;FYN;TFPI2;ZFPM2;CTSO;LAP3;C9;SERPINA1;CA2;C3;CTSB;CLU;FCN1;FDX1;PRCP;IL6;CDA;PLSCR1;IRF2;ITIH1;GATA3;C1QC;F2;LCP2;PREP;GNG2;LGMN;ANG;GNB4;PIK3CA;PIK3R5;LIPA;GNAI2;LRP1;C1QA;F7;L3MBTL4;DOCK10;F3;KYNU;PLEK;CEBPB;USP8;MSRB1;CASP4;IRF1;CFH;GNGT2;JAK2;CSRP1;CASP1;PLAUR;FN1;FCER1G;SH2B3;SERPINC1;GCA;CTSS;VCPIP1
prerank,UV Response Dn,-0.4074946407952205,-2.2639398232525614,0.0,0.0,0.0,49/144,14.69%,RND3;PLPP3;BCKDHB;LDLR;CCN1;PDLIM5;SYNE1;DLC1;DUSP1;BHLHE40;SERPINE1;ID1;CITED2;PRKAR2B;ACVR2A;FYN;MT1E;TGFBR3;PTEN;KALRN;NFKB1;FHL2;MYC;ADGRL2;YTHDC1;NR3C1;PEX14;DDAH1;MIOS;MGLL;PTPN21;MGMT;SMAD7;NR1D2;KCNMA1;DYRK1A;FBLN5;RASA2;MRPS31;F3;PRKCE;PRDM2;PIK3CD;TOGARAM1;GRK5;LTBP1;MAGI2;TGFBR2;SCAF8
prerank,TGF-beta Signaling,-0.47243534304624585,-2.2651985818977285,0.0,0.0,0.0,16/52,10.21%,ID2;JUNB;KLF10;SERPINE1;UBE2D3;ID1;THBS1;PPP1R15A;BMPR2;CDK9;SMAD6;PPM1A;SMAD1;SLC20A1;ENG;SMAD7
prerank,Interferon Alpha Response,-0.4344472032593608,-2.271914337256482,0.0,0.0,0.0,39/97,18.02%,TENT5A;C1S;LY6E;IL4R;RSAD2;LAP3;NCOA7;USP18;PLSCR1;IRF2;ELF1;PARP9;CMPK2;UBE2L6;OASL;SELL;TRIM14;HERC6;DHX58;SAMD9;OAS1;TXNIP;IFIT3;IFIT2;DDX60;IFIH1;IFITM1;EPSTI1;TMEM140;IFI44L;IFITM2;TRIM5;IFI44;IRF1;MX1;CASP1;IL7;B2M;SLC25A28
prerank,Androgen Response,-0.44704815513805435,-2.357271929826955,0.0,0.0,0.0,47/99,18.79%,LIFR;SLC38A2;PDLIM5;LMAN1;ADAMTS1;NKX3-1;B4GALT1;TMPRSS2;MAF;AZGP1;IQGAP2;ABHD2;NCOA4;STEAP4;SGK1;SORD;AKT1;SEC24D;MAP7;CDC14B;ZBTB10;SAT1;UAP1;PTPN21;ELL2;PTK2B;SELENOP;SPCS3;NGLY1;DNAJB9;BMPR1B;MAK;HERC3;SRF;HPGD;APPBP2;GUCY1A1;TSC22D1;ARID5B;DBI;UBE2J1;ALDH1A3;B2M;XRCC5;HOMER2;CCND1;KRT8
prerank,IL-6/JAK/STAT3 Signaling,-0.4468917928960907,-2.415794859215493,0.0,0.0,0.0,32/83,16.02%,MYD88;IFNAR1;JUN;IL6ST;SOCS3;TNFRSF1A;PIM1;STAT3;CCR1;IL18R1;IL1B;CD14;IL4R;HMOX1;IL1R1;IL6;PDGFC;IL13RA1;TNFRSF1B;A2M;PIK3R5;EBI3;TLR2;FAS;ITGA4;TNF;PF4;LEPR;IRF1;IL17RA;CSF3R;PTPN11
prerank,Coagulation,-0.44498651126649796,-2.4550850097071457,0.0,0.0,0.0,56/133,13.60%,DUSP6;C1R;DUSP14;PROS1;SERPINE1;C1S;KLKB1;C8A;F8;SERPING1;PLG;C8B;THBS1;MAFF;FYN;TFPI2;CFI;CTSO;THBD;FGA;MBL2;C9;PROZ;FGG;SERPINA1;ACOX2;C3;F9;CTSB;F11;CLU;RGN;CPB2;MST1;HMGCS2;ITIH1;F2;APOA1;PREP;TF;LGMN;APOC3;PROC;ANG;GNG12;A2M;HPN;F12;LRP1;C1QA;CPN1;HRG;P2RY1;F3;PLEK;CFD
prerank,Adipogenesis,-0.43892153017801433,-2.571892311272869,0.0,0.0,0.0,77/195,14.23%,LIFR;ACADS;CD302;ALDH2;PGM1;DBT;ACAA2;SOWAHC;CAT;PLIN2;ECHS1;NKIRAS1;EPHX2;CMPK1;CPT2;ACADM;SCP2;HIBCH;PIM3;GPHN;ORM1;SDHB;PEMT;ABCA1;PRDX3;FAH;QDPR;TANK;GRPEL1;STOM;GHITM;ACOX1;BCL2L13;MTARC2;RNF11;SORBS1;ITSN1;CRAT;C3;GADD45A;PHYH;HADH;ADIPOR2;SULT1A1;MCCC1;RMDN3;CMBL;PPP1R15B;RETSAT;PEX14;ACADL;MGLL;MTCH2;G3BP2;MYLK;ECH1;GBE1;COQ9;DECR1;AK2;ARAF;SOD1;REEP6;APLP2;JAGN1;DNAJC15;REEP5;DNAJB9;IDH1;RIOK3;NDUFA5;ELOVL6;COQ5;POR;TST;DLD;BCL6
prerank,Interferon Gamma Response,-0.4609884988715928,-2.6637525063404053,0.0,0.0,0.0,84/199,18.02%,MYD88;C1R;SOCS3;IRF8;PTGS2;ISOC1;PIM1;C1S;GCH1;APOL6;STAT3;MT2A;NAMPT;SERPING1;FPR1;PNP;LY6E;CASP7;FGL2;IL4R;RSAD2;LAP3;LATS2;CD69;EIF4E3;NFKB1;NFKBIA;SELP;CCL2;IL6;USP18;PLSCR1;IRF2;IL2RB;LCP2;OAS2;CD274;IFIT1;CMPK2;UBE2L6;IL10RA;OASL;LYSMD2;TRIM14;HERC6;DHX58;MARCHF1;DDX58;TXNIP;IFIT3;CDKN1A;IFIT2;DDX60;IFIH1;EPSTI1;FAS;BTG1;CD86;PDE4B;METTL7B;PELI1;CMKLR1;IFI44L;IFITM2;SOD2;AUTS2;CASP4;ICAM1;IFI44;IRF1;RIPK1;CFH;ST3GAL5;ARID5B;JAK2;MX1;CASP1;OAS3;TNFSF10;IL7;B2M;IRF4;SPPL2A;SLC25A28
prerank,Bile Acid Metabolism,-0.5234902247301124,-2.8451513827136963,0.0,0.0,0.0,60/111,19.27%,PEX13;MLYCD;CAT;ACSL1;ABCD3;ALDH8A1;ISOC1;EPHX2;SCP2;NR3C2;ALDH9A1;CYP39A1;ABCA1;LONP2;GC;PEX11G;HAO1;PNPLA8;SLC27A2;AKR1D1;PHYH;NR1H4;HSD17B6;SLC27A5;TTR;ABCA8;RETSAT;BBOX1;PIPOX;APOA1;AGXT;PECR;NR1I2;GNMT;IDH2;NR0B2;AR;CYP27A1;ABCA6;SOD1;CYP8B1;PEX11A;ABCA9;IDH1;CYP7B1;ABCG4;NUDT12;SERPINA6;PXMP2;ABCG8;SULT1B1;HSD17B11;HSD17B4;ACSL5;PEX7;RXRA;DIO1;HACL1;CYP46A1;AQP9
prerank,Inflammatory Response,-0.4716756215408828,-2.8765829952352804,0.0,0.0,0.0,88/190,19.95%,MARCO;SGMS2;IFNAR1;LDLR;SLC31A1;KLF6;SERPINE1;GCH1;AXL;NAMPT;SLC7A2;IL18R1;ADGRE1;FPR1;ABCA1;IL1B;STAB1;LY6E;ACVR2A;CD14;ADM;IL4R;TLR3;C5AR1;IL10;CD82;IL1R1;RNF144B;CD69;HBEGF;MEFV;NFKB1;NFKBIA;CCL2;IL6;MYC;IL2RB;PTGER2;PTGIR;KCNA3;LCP2;NLRP3;SLC4A4;TNFRSF1B;NMUR1;IL18RAP;AHR;MSR1;IL10RA;SELL;INHBA;PIK3R5;EBI3;HPN;DCBLD2;CYBB;TLR2;CDKN1A;GPR183;IFITM1;OSM;F3;SELE;PDE4B;C3AR1;TLR1;CMKLR1;FFAR2;ICAM1;IRF1;CSF3R;IL7R;PLAUR;HAS2;EDN1;PTGER4;TNFSF10;CX3CL1;IL15RA;CD48;SCARF1;AQP9;GNAI3;FZD5;CCL22;CXCR6;SLC31A2;PCDH7
prerank,Fatty Acid Metabolism,-0.5205025753772244,-3.00345689738427,0.0,0.0,0.0,71/153,13.42%,AADAT;ACADS;ETFDH;GSTZ1;BCKDHB;ACAA1;ACAA2;MLYCD;ACSL1;ACSM3;INMT;HMGCL;SERINC1;CYP4A11;ECHS1;SUCLG2;CPT2;ACADM;SDHD;CYP4A22;HIBCH;GCDH;ALDH9A1;ACOT2;GRHPR;AQP7;CD1D;ACOX1;PTS;RDH16;LDHA;HADHB;HAO2;EHHADH;CRAT;MCEE;TDO2;GPD1;CA2;GABARAPL1;CPOX;HADH;PCBD1;ADIPOR2;ENO3;HMGCS2;RETSAT;SUCLA2;G0S2;ACAT2;AOC3;ACADVL;ACADL;MGLL;HSDL2;ADH1C;VNN1;ALAD;ECH1;UBE2L6;DECR1;MAOA;HSD17B10;REEP6;DLST;IDH1;ERP29;BMPR1B;FABP1;AUH;PPARA
prerank,Xenobiotic Metabolism,-0.5715782354428395,-3.4270080109085277,0.0,0.0,0.0,108/197,13.39%,ETS2;EPHA2;ETFDH;LCAT;SLC35D1;NDRG2;SERTAD1;ID2;ALDH2;PDLIM5;CAT;TNFRSF1A;CYP26A1;IRF8;TMBIM6;PROS1;SERPINE1;MAN1A1;FBP1;ESR1;GCH1;MT2A;ALDH9A1;PLG;PEMT;ABHD6;FAH;IGFBP4;MCCC2;ACOX1;PTS;LPIN2;ALAS1;MTHFD1;SLC22A1;MBL2;PINK1;HMOX1;PAPSS2;TDO2;ACOX2;CA2;CYP1A2;GABARAPL1;CYP4F2;CYB5A;IL1R1;ATOH8;CYP2J2;F11;DHRS1;TPST1;GCKR;COMT;AOX1;ANGPTL3;SLC46A3;ENPEP;CDA;ITIH1;PC;ENTPD5;RETSAT;LEAP2;RBP4;TKFC;CSAD;XDH;IGFBP1;CYP2C18;GNMT;SLC6A12;SHMT2;CNDP2;ADH1C;VNN1;ECH1;TTPA;FMO3;PDK4;ADH5;HGFAC;CYP27A1;MAOA;PGRMC1;ACOX3;IGF1;DCXR;CDO1;HSD17B2;ARG1;GCLC;UPB1;G6PC;CYP2E1;HRG;FETUB;IDH1;TAT;SAR1B;ACP2;FAS;SERPINA6;FABP1;KYNU;POR;VTN;GCNT2
prerank,TNF-alpha Signaling via NF-kB,-0.6235414379889297,-3.664358468026714,0.0,0.0,0.0,112/196,17.26%,RCAN1;ZFP36;TRIB1;MCL1;ETS2;FOS;PHLDA1;PNRC1;PLPP3;EGR1;MAP2K3;EGR2;ID2;LDLR;CCN1;FOSB;PDLIM5;GADD45B;JUN;NFIL3;IL6ST;SOCS3;JUNB;KLF10;KDM6B;SDC4;ATF3;NFE2L2;NR4A1;RHOB;KLF6;EGR3;DUSP1;BHLHE40;PTGS2;SERPINE1;NR4A3;GCH1;IER2;NAMPT;TIPARP;SERPINB8;NR4A2;ABCA1;IL1B;B4GALT1;DUSP5;TANK;HES1;MAFF;PPP1R15A;FOSL1;REL;CXCL2;CCL4;SPSB1;GADD45A;CD69;HBEGF;PER1;PLK2;BCL3;KLF9;SGK1;CD83;NFKB1;NFKBIA;CCL2;IL6;MYC;KLF4;CFLAR;G0S2;CEBPD;ZBTB10;SAT1;BIRC2;B4GALT5;CCNL1;SLC2A3;INHBA;DUSP2;DDX58;TLR2;CDKN1A;IFIT2;SIK1;GPR183;IFIH1;BTG1;DNAJB4;F3;KLF2;KYNU;PLEK;PDE4B;ZC3H12A;CEBPB;IRS2;BCL6;SOD2;TNF;ICAM1;PFKFB3;IRF1;TSC22D1;YRDC;IL7R;PANX1;PLAUR;EDN1;PTGER4
